Model,Learning rate,Epoch,Train loss,Val loss,Accuracy,Precision,Recall,F1
roberta,1e-05,1,0.6165283203125,0.5556759834289551,0.71595,0.7757629932320266,0.6075,0.6813975660366777
roberta,1e-05,2,0.52636328125,0.5686662793159485,0.72365,0.7034476485035932,0.7733,0.7367217643976564
roberta,1e-05,3,0.47521171875,0.5594775080680847,0.73085,0.7256818848372275,0.7423,0.7338968807158041
roberta,2e-05,1,0.61289453125,0.55632483959198,0.72155,0.7686431429610767,0.6339,0.6947991450649422
roberta,2e-05,2,0.5100978515625,0.5778271555900574,0.72345,0.6992065614691986,0.7843,0.7393128151953622
roberta,2e-05,3,0.42766845703125,0.5888505578041077,0.73255,0.7209501187648456,0.7588,0.7393909866017052
roberta,3e-05,1,0.610037646484375,0.5515965223312378,0.72475,0.755717373990215,0.6642,0.7070094204055565
roberta,3e-05,2,0.49733583984375,0.571616530418396,0.7261,0.6984029484029484,0.7959,0.7439708356702187
roberta,3e-05,3,0.3894593505859375,0.6101354360580444,0.73665,0.7279645506213275,0.7557,0.7415730337078652
distilbert,1e-05,1,0.6340138671875,0.5863536596298218,0.6872,0.7064402293780326,0.6406,0.671911055170967
distilbert,1e-05,2,0.549725537109375,0.5795425772666931,0.69885,0.6966669963406191,0.7044,0.7005121575257321
distilbert,1e-05,3,0.5002890625,0.58296799659729,0.70705,0.7153406136245449,0.6878,0.7013000254906959
distilbert,2e-05,1,0.6206955078125,0.5712234377861023,0.7003,0.7354254818993888,0.6257,0.6761400475470067
distilbert,2e-05,2,0.513309375,0.579499363899231,0.71065,0.6986327204148987,0.7409,0.7191458383887406
distilbert,2e-05,3,0.417960595703125,0.6109747886657715,0.71255,0.7156773211567732,0.7053,0.7104507680684966
distilbert,3e-05,1,0.61548076171875,0.5664117336273193,0.70325,0.742744536008599,0.6219,0.676971643172046
distilbert,3e-05,2,0.491507666015625,0.5809564590454102,0.71005,0.6893195132942767,0.7648,0.7251007347712728
distilbert,3e-05,3,0.35265361328125,0.6569643616676331,0.71255,0.7100088924019365,0.7186,0.7142786143829829
