run_id,Input,Model,Layer dilatih,Learning rate,Epoch,Train loss,Val loss,Accuracy,Precision,Recall,F1,Parameter total (juta),Parameter dilatih (juta),Waktu training (menit),Memori puncak training (GB),Latensi batch=1 (ms/sampel),Latensi batch=32 (ms/sampel)
parent+comment|roberta|L0|lr1e-04,parent+comment,roberta,0,0.0001,3,0.6700357421875,0.6647853255271912,0.61915,0.6290759397681724,0.5807,0.6039207529509646,124.6,0.59,1.51,0.66,8.86,0.458
parent+comment|roberta|L0|lr1e-03,parent+comment,roberta,0,0.001,2,0.66675771484375,0.6559246182441711,0.611,0.5804464415132627,0.8009,0.6730817715774435,124.6,0.59,1.5,0.66,8.43,0.458
parent+comment|roberta|L3|lr3e-05,parent+comment,roberta,3,3e-05,2,0.554111083984375,0.5694538950920105,0.71,0.6850546351780049,0.7774,0.7283117856473674,124.6,21.86,2.08,1.55,9.3,0.472
parent+comment|roberta|L6|lr3e-05,parent+comment,roberta,6,3e-05,2,0.5267623046875,0.560064435005188,0.7202,0.6993481803367735,0.7725,0.734106243466692,124.6,43.12,2.74,2.51,8.68,0.456
parent+comment|roberta|L12|lr3e-05,parent+comment,roberta,12,3e-05,2,0.498309814453125,0.5766624808311462,0.72735,0.703118020191191,0.787,0.7426980606804133,124.6,124.65,4.29,4.75,9.04,0.46
parent+comment|distilbert|L0|lr1e-04,parent+comment,distilbert,0,0.0001,3,0.64907646484375,0.6467578411102295,0.6251,0.6248752245957276,0.626,0.6254371066040564,67.0,0.59,0.85,0.44,4.36,0.232
parent+comment|distilbert|L0|lr1e-03,parent+comment,distilbert,0,0.001,2,0.654724560546875,0.6467248201370239,0.62075,0.6036036036036037,0.7035,0.6497344724082198,67.0,0.59,0.85,0.44,4.66,0.233
parent+comment|distilbert|L3|lr3e-05,parent+comment,distilbert,3,3e-05,2,0.552449267578125,0.5804085731506348,0.6969,0.6862114620767922,0.7256,0.7053562749100807,67.0,21.86,1.45,1.32,4.55,0.234
parent+comment|distilbert|L6|lr3e-05,parent+comment,distilbert,6,3e-05,2,0.490224267578125,0.5860298871994019,0.70765,0.69235757295044,0.7474,0.7188266410194758,67.0,66.96,2.24,2.47,4.53,0.241
comment|roberta|L0|lr1e-04,comment,roberta,0,0.0001,3,0.6588056640625,0.6505125164985657,0.63855,0.6473779385171791,0.6086,0.6273903407040874,124.6,0.59,0.95,0.66,8.25,0.302
comment|roberta|L0|lr1e-03,comment,roberta,0,0.001,1,0.675732275390625,0.6436746120452881,0.6366,0.6175559380378658,0.7176,0.6638297872340425,124.6,0.59,0.96,0.66,8.34,0.303
comment|roberta|L3|lr3e-05,comment,roberta,3,3e-05,2,0.555090380859375,0.5655454993247986,0.71195,0.6993697676606152,0.7435,0.7207600213271291,124.6,21.86,1.21,1.56,8.7,0.302
comment|roberta|L6|lr3e-05,comment,roberta,6,3e-05,2,0.53179267578125,0.571223258972168,0.7211,0.7136644762272903,0.7385,0.7258698643601337,124.6,43.12,1.55,2.52,8.69,0.317
comment|roberta|L12|lr3e-05,comment,roberta,12,3e-05,2,0.5075841796875,0.589795708656311,0.7314,0.7211391437308868,0.7546,0.7374902267396404,124.6,124.65,2.31,4.76,8.89,0.316
comment|distilbert|L0|lr1e-04,comment,distilbert,0,0.0001,3,0.622243896484375,0.6191604137420654,0.65365,0.6486983451079067,0.6703,0.6593222839718684,67.0,0.59,0.56,0.44,4.19,0.161
comment|distilbert|L0|lr1e-03,comment,distilbert,0,0.001,2,0.62693310546875,0.6155959963798523,0.6557,0.6346885813148789,0.7337,0.6806122448979591,67.0,0.59,0.56,0.44,4.2,0.15
comment|distilbert|L3|lr3e-05,comment,distilbert,3,3e-05,2,0.543776513671875,0.5682830810546875,0.70735,0.7027872860635697,0.7186,0.7106056860321385,67.0,21.86,0.84,1.32,4.3,0.16
comment|distilbert|L6|lr3e-05,comment,distilbert,6,3e-05,2,0.488431298828125,0.5863530039787292,0.71315,0.6961803957662218,0.7564,0.7250419362568895,67.0,66.96,1.23,2.48,4.53,0.158
