run_id,Input,Model,Layer dilatih,Learning rate,Epoch,Train loss,Val loss,Accuracy,Precision,Recall,F1
parent+comment|roberta|L0|lr1e-04,parent+comment,roberta,0,0.0001,1,0.687950830078125,0.6756603717803955,0.605,0.6556477912837236,0.4423,0.5282455511764004
parent+comment|roberta|L0|lr1e-04,parent+comment,roberta,0,0.0001,2,0.6735798828125,0.6674330830574036,0.6096,0.6565714285714286,0.4596,0.5407058823529411
parent+comment|roberta|L0|lr1e-04,parent+comment,roberta,0,0.0001,3,0.6700357421875,0.6647853255271912,0.61915,0.6290759397681724,0.5807,0.6039207529509646
parent+comment|roberta|L0|lr1e-03,parent+comment,roberta,0,0.001,1,0.68440380859375,0.6655465364456177,0.59155,0.7027685492801772,0.3173,0.4372028935583879
parent+comment|roberta|L0|lr1e-03,parent+comment,roberta,0,0.001,2,0.66675771484375,0.6559246182441711,0.611,0.5804464415132627,0.8009,0.6730817715774435
parent+comment|roberta|L0|lr1e-03,parent+comment,roberta,0,0.001,3,0.658701171875,0.6465260982513428,0.6307,0.63452037875669,0.6165,0.6253804017041996
parent+comment|roberta|L3|lr3e-05,parent+comment,roberta,3,3e-05,1,0.620350048828125,0.5774407982826233,0.69775,0.7843278217109992,0.5455,0.6434680035387791
parent+comment|roberta|L3|lr3e-05,parent+comment,roberta,3,3e-05,2,0.554111083984375,0.5694538950920105,0.71,0.6850546351780049,0.7774,0.7283117856473674
parent+comment|roberta|L3|lr3e-05,parent+comment,roberta,3,3e-05,3,0.52088662109375,0.551304042339325,0.72305,0.7267920691408236,0.7148,0.7207461557852282
parent+comment|roberta|L6|lr3e-05,parent+comment,roberta,6,3e-05,1,0.608106103515625,0.5681314468383789,0.706,0.8045535186280307,0.5442,0.6492483894058697
parent+comment|roberta|L6|lr3e-05,parent+comment,roberta,6,3e-05,2,0.5267623046875,0.560064435005188,0.7202,0.6993481803367735,0.7725,0.734106243466692
parent+comment|roberta|L6|lr3e-05,parent+comment,roberta,6,3e-05,3,0.46830634765625,0.5596958994865417,0.72875,0.7253028661479366,0.7364,0.7308093087877735
parent+comment|roberta|L12|lr3e-05,parent+comment,roberta,12,3e-05,1,0.609512158203125,0.5553851127624512,0.7222,0.7665547024952015,0.639,0.6969895287958116
parent+comment|roberta|L12|lr3e-05,parent+comment,roberta,12,3e-05,2,0.498309814453125,0.5766624808311462,0.72735,0.703118020191191,0.787,0.7426980606804133
parent+comment|roberta|L12|lr3e-05,parent+comment,roberta,12,3e-05,3,0.3904589111328125,0.6108290553092957,0.73405,0.7272992133631154,0.7489,0.7379415677193674
parent+comment|distilbert|L0|lr1e-04,parent+comment,distilbert,0,0.0001,1,0.669333447265625,0.6534781455993652,0.6151,0.6342743817078862,0.5437,0.5855050613827267
parent+comment|distilbert|L0|lr1e-04,parent+comment,distilbert,0,0.0001,2,0.65471396484375,0.6482774615287781,0.6234,0.6310256954767467,0.5943,0.61211247296323
parent+comment|distilbert|L0|lr1e-04,parent+comment,distilbert,0,0.0001,3,0.64907646484375,0.6467578411102295,0.6251,0.6248752245957276,0.626,0.6254371066040564
parent+comment|distilbert|L0|lr1e-03,parent+comment,distilbert,0,0.001,1,0.66916787109375,0.6600408554077148,0.60555,0.6641268853988493,0.4271,0.519870975594912
parent+comment|distilbert|L0|lr1e-03,parent+comment,distilbert,0,0.001,2,0.654724560546875,0.6467248201370239,0.62075,0.6036036036036037,0.7035,0.6497344724082198
parent+comment|distilbert|L0|lr1e-03,parent+comment,distilbert,0,0.001,3,0.645819287109375,0.642184853553772,0.62875,0.6262378664574958,0.6387,0.6324075449279667
parent+comment|distilbert|L3|lr3e-05,parent+comment,distilbert,3,3e-05,1,0.62894892578125,0.5876085162162781,0.688,0.7180974477958236,0.619,0.664876476906552
parent+comment|distilbert|L3|lr3e-05,parent+comment,distilbert,3,3e-05,2,0.552449267578125,0.5804085731506348,0.6969,0.6862114620767922,0.7256,0.7053562749100807
parent+comment|distilbert|L3|lr3e-05,parent+comment,distilbert,3,3e-05,3,0.502208642578125,0.5837323665618896,0.70405,0.7070942860042626,0.6967,0.7018586611595224
parent+comment|distilbert|L6|lr3e-05,parent+comment,distilbert,6,3e-05,1,0.616121337890625,0.5679916739463806,0.7049,0.7430604982206406,0.6264,0.679761258817146
parent+comment|distilbert|L6|lr3e-05,parent+comment,distilbert,6,3e-05,2,0.490224267578125,0.5860298871994019,0.70765,0.69235757295044,0.7474,0.7188266410194758
parent+comment|distilbert|L6|lr3e-05,parent+comment,distilbert,6,3e-05,3,0.3570461181640625,0.6520323753356934,0.71125,0.708477252541202,0.7179,0.7131575026076591
comment|roberta|L0|lr1e-04,comment,roberta,0,0.0001,1,0.682665625,0.6652073264122009,0.62565,0.6648733761973494,0.5067,0.5751092446512683
comment|roberta|L0|lr1e-04,comment,roberta,0,0.0001,2,0.665073876953125,0.6532924175262451,0.6365,0.6476953040467431,0.5986,0.6221806465024425
comment|roberta|L0|lr1e-04,comment,roberta,0,0.0001,3,0.6588056640625,0.6505125164985657,0.63855,0.6473779385171791,0.6086,0.6273903407040874
comment|roberta|L0|lr1e-03,comment,roberta,0,0.001,1,0.675732275390625,0.6436746120452881,0.6366,0.6175559380378658,0.7176,0.6638297872340425
comment|roberta|L0|lr1e-03,comment,roberta,0,0.001,2,0.659839794921875,0.6361178755760193,0.6451,0.6345511869436202,0.6843,0.6584872979214781
comment|roberta|L0|lr1e-03,comment,roberta,0,0.001,3,0.6487919921875,0.6314800381660461,0.6513,0.6550522648083623,0.6392,0.6470290515234336
comment|roberta|L3|lr3e-05,comment,roberta,3,3e-05,1,0.615664453125,0.567284882068634,0.70645,0.753779963122311,0.6132,0.6762613730355665
comment|roberta|L3|lr3e-05,comment,roberta,3,3e-05,2,0.555090380859375,0.5655454993247986,0.71195,0.6993697676606152,0.7435,0.7207600213271291
comment|roberta|L3|lr3e-05,comment,roberta,3,3e-05,3,0.52196943359375,0.5603312253952026,0.7208,0.7289981331673927,0.7029,0.7157112310355361
comment|roberta|L6|lr3e-05,comment,roberta,6,3e-05,1,0.607540576171875,0.5612338185310364,0.71135,0.7738758584942335,0.5972,0.6741547666083423
comment|roberta|L6|lr3e-05,comment,roberta,6,3e-05,2,0.53179267578125,0.571223258972168,0.7211,0.7136644762272903,0.7385,0.7258698643601337
comment|roberta|L6|lr3e-05,comment,roberta,6,3e-05,3,0.474501611328125,0.5729008913040161,0.72335,0.7319555509398692,0.7048,0.7181211472820827
comment|roberta|L12|lr3e-05,comment,roberta,12,3e-05,1,0.60505078125,0.5522857904434204,0.72165,0.761041102343658,0.6462,0.6989346168406252
comment|roberta|L12|lr3e-05,comment,roberta,12,3e-05,2,0.5075841796875,0.589795708656311,0.7314,0.7211391437308868,0.7546,0.7374902267396404
comment|roberta|L12|lr3e-05,comment,roberta,12,3e-05,3,0.407585791015625,0.6001517176628113,0.73485,0.7330092271058637,0.7388,0.7358932217739927
comment|distilbert|L0|lr1e-04,comment,distilbert,0,0.0001,1,0.6544291015625,0.6286616921424866,0.6465,0.6611661166116611,0.601,0.6296490309062336
comment|distilbert|L0|lr1e-04,comment,distilbert,0,0.0001,2,0.63030595703125,0.6210614442825317,0.65165,0.6490710704806841,0.6603,0.6546373866058594
comment|distilbert|L0|lr1e-04,comment,distilbert,0,0.0001,3,0.622243896484375,0.6191604137420654,0.65365,0.6486983451079067,0.6703,0.6593222839718684
comment|distilbert|L0|lr1e-03,comment,distilbert,0,0.001,1,0.64984814453125,0.6183659434318542,0.6554,0.6596794081381011,0.642,0.6507196432191364
comment|distilbert|L0|lr1e-03,comment,distilbert,0,0.001,2,0.62693310546875,0.6155959963798523,0.6557,0.6346885813148789,0.7337,0.6806122448979591
comment|distilbert|L0|lr1e-03,comment,distilbert,0,0.001,3,0.61202080078125,0.6069821715354919,0.66615,0.6662663864705294,0.6658,0.6660331115890562
comment|distilbert|L3|lr3e-05,comment,distilbert,3,3e-05,1,0.611910302734375,0.5734905004501343,0.6982,0.7268253604943923,0.6351,0.6778738392571245
comment|distilbert|L3|lr3e-05,comment,distilbert,3,3e-05,2,0.543776513671875,0.5682830810546875,0.70735,0.7027872860635697,0.7186,0.7106056860321385
comment|distilbert|L3|lr3e-05,comment,distilbert,3,3e-05,3,0.494634130859375,0.5723371505737305,0.7112,0.71813674860566,0.6953,0.7065338888324357
comment|distilbert|L6|lr3e-05,comment,distilbert,6,3e-05,1,0.603797705078125,0.5656266808509827,0.70995,0.7317584722375539,0.6629,0.6956293614565298
comment|distilbert|L6|lr3e-05,comment,distilbert,6,3e-05,2,0.488431298828125,0.5863530039787292,0.71315,0.6961803957662218,0.7564,0.7250419362568895
comment|distilbert|L6|lr3e-05,comment,distilbert,6,3e-05,3,0.3617639892578125,0.6481723785400391,0.7143,0.7129795269330153,0.7174,0.7151829329079853
